{
  "version": 1,
  "rules": [
    {
      "condition": {
        "type": "group",
        "definition": {
          "logic": "and",
          "conditions": [
            {
              "definition": {
                "key": "action",
                "matcher": "eq",
                "values": [
                  "localImpression"
                ]
              },
              "type": "matcher"
            },
            {
              "type": "matcher",
              "definition": {
                "key": "~timestampu",
                "matcher": "ge",
                "values": [
                  1557126000
                ]
              }
            },
            {
              "type": "matcher",
              "definition": {
                "key": "~timestampu",
                "matcher": "le",
                "values": [
                  2527606946
                ]
              }
            }
          ]
        }
      },
      "consequences": [
        {
          "id": "11956458",
          "type": "iam",
          "detail": {
            "userData": {
              "broadlogId": "h153d80",
              "deliveryId": "b670ea"
            },
            "wait": 10,
            "content": "Local Notification - Impression Test",
            "title": "Elena Personalized - Ain-App - Local Notification - Impression Tracking",
            "template": "local"
          }
        }
      ]
    },
    {
      "condition": {
        "type": "group",
        "definition": {
          "logic": "and",
          "conditions": [
            {
              "definition": {
                "key": "action",
                "matcher": "eq",
                "values": [
                  "shoppingCart"
                ]
              },
              "type": "matcher"
            },
            {
              "type": "matcher",
              "definition": {
                "key": "~timestampu",
                "matcher": "ge",
                "values": [
                  1556866800
                ]
              }
            },
            {
              "type": "matcher",
              "definition": {
                "key": "~timestampu",
                "matcher": "le",
                "values": [
                  2527606946
                ]
              }
            }
          ]
        }
      },
      "consequences": [
        {
          "id": "11822924",
          "type": "iam",
          "detail": {
            "userData": {
              "broadlogId": "h1531c8",
              "deliveryId": "b4674c"
            },
            "adb_deeplink": "http://mcias-mkt-dev1-t.adobedemo.com/r/?id=d1531c8,b4674c,b4676a",
            "content": "Test Content",
            "title": "Test Titile",
            "template": "local"
          }
        }
      ]
    }
  ]
}